{
  "hash": "581b60fb",
  "configHash": "6d488ac9",
  "lockfileHash": "26ada2b1",
  "browserHash": "fa10ba5d",
  "optimized": {
    "@angular/core": {
      "src": "../../../../../../node_modules/@angular/core/fesm2022/core.mjs",
      "file": "@angular_core.js",
      "fileHash": "d30ef41b",
      "needsInterop": false
    },
    "@angular/forms": {
      "src": "../../../../../../node_modules/@angular/forms/fesm2022/forms.mjs",
      "file": "@angular_forms.js",
      "fileHash": "0f20f41b",
      "needsInterop": false
    },
    "@angular/platform-browser": {
      "src": "../../../../../../node_modules/@angular/platform-browser/fesm2022/platform-browser.mjs",
      "file": "@angular_platform-browser.js",
      "fileHash": "0cbc73db",
      "needsInterop": false
    },
    "@angular/router": {
      "src": "../../../../../../node_modules/@angular/router/fesm2022/router.mjs",
      "file": "@angular_router.js",
      "fileHash": "26f3b2ca",
      "needsInterop": false
    },
    "@microsoft/signalr": {
      "src": "../../../../../../node_modules/@microsoft/signalr/dist/esm/index.js",
      "file": "@microsoft_signalr.js",
      "fileHash": "d0fb58fa",
      "needsInterop": false
    },
    "rxjs": {
      "src": "../../../../../../node_modules/rxjs/dist/esm5/index.js",
      "file": "rxjs.js",
      "fileHash": "fb57a902",
      "needsInterop": false
    }
  },
  "chunks": {
    "chunk-Y2NCQEL4": {
      "file": "chunk-Y2NCQEL4.js"
    },
    "chunk-CN7DQLQ7": {
      "file": "chunk-CN7DQLQ7.js"
    },
    "chunk-MDA7QRVU": {
      "file": "chunk-MDA7QRVU.js"
    },
    "chunk-ZSY7TSMJ": {
      "file": "chunk-ZSY7TSMJ.js"
    },
    "chunk-J25FJFZE": {
      "file": "chunk-J25FJFZE.js"
    }
  }
}